"r_sun","cvenet","ent","cvemun","mun","zona_met","tipo_ciudad","nombre_corto"
1,0,"Aguascalientes",1001,"Aguascalientes","Aguascalientes",1,"Aguascalientes"
1,0,"Aguascalientes",1005,"Jesús María","Aguascalientes",1,"Aguascalientes"
1,0,"Aguascalientes",1011,"San Francisco de los Romo","Aguascalientes",1,"Aguascalientes"
2,0,"Baja California",2003,"Tecate","Tijuana",1,"Tijuana"
2,0,"Baja California",2004,"Tijuana","Tijuana",1,"Tijuana"
2,0,"Baja California",2005,"Playas de Rosarito","Tijuana",1,"Tijuana"
3,0,"Baja California",2002,"Mexicali","Mexicali",1,"Mexicali"
4,0,"Coahuila",5017,"Matamoros","La Laguna",1,"La Laguna"
4,0,"Coahuila",5035,"Torreón","La Laguna",1,"La Laguna"
4,0,"Durango",10007,"Gómez Palacio","La Laguna",1,"La Laguna"
4,0,"Durango",10012,"Lerdo","La Laguna",1,"La Laguna"
5,0,"Coahuila",5004,"Arteaga","Saltillo",1,"Saltillo"
5,0,"Coahuila",5027,"Ramos Arizpe","Saltillo",1,"Saltillo"
5,0,"Coahuila",5030,"Saltillo","Saltillo",1,"Saltillo"
6,0,"Coahuila",5006,"Castaños","Monclova-Frontera",1,"Monclova"
6,0,"Coahuila",5010,"Frontera","Monclova-Frontera",1,"Monclova"
6,0,"Coahuila",5018,"Monclova","Monclova-Frontera",1,"Monclova"
7,0,"Coahuila",5022,"Nava","Piedras Negras",1,"Piedras Negras"
7,0,"Coahuila",5025,"Piedras Negras","Piedras Negras",1,"Piedras Negras"
8,0,"Colima",6002,"Colima","Colima-Villa de Álvarez",1,"Colima"
8,0,"Colima",6003,"Comala","Colima-Villa de Álvarez",1,"Colima"
8,0,"Colima",6004,"Coquimatlán","Colima-Villa de Álvarez",1,"Colima"
8,0,"Colima",6005,"Cuauhtémoc","Colima-Villa de Álvarez",1,"Colima"
8,0,"Colima",6010,"Villa de Álvarez","Colima-Villa de Álvarez",1,"Colima"
9,0,"Colima",6001,"Armería","Tecomán",1,"Tecomán"
9,0,"Colima",6009,"Tecomán","Tecomán",1,"Tecomán"
10,0,"Chiapas",7012,"Berriozábal","Tuxtla Gutiérrez",1,"Tuxtla"
10,0,"Chiapas",7027,"Chiapa de Corzo","Tuxtla Gutiérrez",1,"Tuxtla"
10,0,"Chiapas",7101,"Tuxtla Gutiérrez","Tuxtla Gutiérrez",1,"Tuxtla"
11,0,"Chihuahua",8037,"Juárez","Juárez",1,"Juárez"
12,0,"Chihuahua",8002,"Aldama","Chihuahua",1,"Chihuahua"
12,0,"Chihuahua",8004,"Aquiles Serdán","Chihuahua",1,"Chihuahua"
12,0,"Chihuahua",8019,"Chihuahua","Chihuahua",1,"Chihuahua"
13,0,"Ciudad de México",9002,"Azcapotzalco","Valle de México",1,"CDMX"
13,0,"Ciudad de México",9003,"Coyoacán","Valle de México",1,"CDMX"
13,0,"Ciudad de México",9004,"Cuajimalpa de Morelos","Valle de México",1,"CDMX"
13,0,"Ciudad de México",9005,"Gustavo A. Madero","Valle de México",1,"CDMX"
13,0,"Ciudad de México",9006,"Iztacalco","Valle de México",1,"CDMX"
13,0,"Ciudad de México",9007,"Iztapalapa","Valle de México",1,"CDMX"
13,0,"Ciudad de México",9008,"La Magdalena Contreras","Valle de México",1,"CDMX"
13,0,"Ciudad de México",9009,"Milpa Alta","Valle de México",1,"CDMX"
13,0,"Ciudad de México",9010,"Álvaro Obregón","Valle de México",1,"CDMX"
13,0,"Ciudad de México",9011,"Tláhuac","Valle de México",1,"CDMX"
13,0,"Ciudad de México",9012,"Tlalpan","Valle de México",1,"CDMX"
13,0,"Ciudad de México",9013,"Xochimilco","Valle de México",1,"CDMX"
13,0,"Ciudad de México",9014,"Benito Juárez","Valle de México",1,"CDMX"
13,0,"Ciudad de México",9015,"Cuauhtémoc","Valle de México",1,"CDMX"
13,0,"Ciudad de México",9016,"Miguel Hidalgo","Valle de México",1,"CDMX"
13,0,"Ciudad de México",9017,"Venustiano Carranza","Valle de México",1,"CDMX"
13,0,"Hidalgo",13069,"Tizayuca","Valle de México",1,"CDMX"
13,0,"México",15002,"Acolman","Valle de México",1,"CDMX"
13,0,"México",15009,"Amecameca","Valle de México",1,"CDMX"
13,0,"México",15010,"Apaxco","Valle de México",1,"CDMX"
13,0,"México",15011,"Atenco","Valle de México",1,"CDMX"
13,0,"México",15013,"Atizapán de Zaragoza","Valle de México",1,"CDMX"
13,0,"México",15015,"Atlautla","Valle de México",1,"CDMX"
13,0,"México",15016,"Axapusco","Valle de México",1,"CDMX"
13,0,"México",15017,"Ayapango","Valle de México",1,"CDMX"
13,0,"México",15020,"Coacalco de Berriozábal","Valle de México",1,"CDMX"
13,0,"México",15022,"Cocotitlán","Valle de México",1,"CDMX"
13,0,"México",15023,"Coyotepec","Valle de México",1,"CDMX"
13,0,"México",15024,"Cuautitlán","Valle de México",1,"CDMX"
13,0,"México",15025,"Chalco","Valle de México",1,"CDMX"
13,0,"México",15028,"Chiautla","Valle de México",1,"CDMX"
13,0,"México",15029,"Chicoloapan","Valle de México",1,"CDMX"
13,0,"México",15030,"Chiconcuac","Valle de México",1,"CDMX"
13,0,"México",15031,"Chimalhuacán","Valle de México",1,"CDMX"
13,0,"México",15033,"Ecatepec de Morelos","Valle de México",1,"CDMX"
13,0,"México",15034,"Ecatzingo","Valle de México",1,"CDMX"
13,0,"México",15035,"Huehuetoca","Valle de México",1,"CDMX"
13,0,"México",15036,"Hueypoxtla","Valle de México",1,"CDMX"
13,0,"México",15037,"Huixquilucan","Valle de México",1,"CDMX"
13,0,"México",15038,"Isidro Fabela","Valle de México",1,"CDMX"
13,0,"México",15039,"Ixtapaluca","Valle de México",1,"CDMX"
13,0,"México",15044,"Jaltenco","Valle de México",1,"CDMX"
13,0,"México",15046,"Jilotzingo","Valle de México",1,"CDMX"
13,0,"México",15050,"Juchitepec","Valle de México",1,"CDMX"
13,0,"México",15053,"Melchor Ocampo","Valle de México",1,"CDMX"
13,0,"México",15057,"Naucalpan de Juárez","Valle de México",1,"CDMX"
13,0,"México",15058,"Nezahualcóyotl","Valle de México",1,"CDMX"
13,0,"México",15059,"Nextlalpan","Valle de México",1,"CDMX"
13,0,"México",15060,"Nicolás Romero","Valle de México",1,"CDMX"
13,0,"México",15061,"Nopaltepec","Valle de México",1,"CDMX"
13,0,"México",15065,"Otumba","Valle de México",1,"CDMX"
13,0,"México",15068,"Ozumba","Valle de México",1,"CDMX"
13,0,"México",15069,"Papalotla","Valle de México",1,"CDMX"
13,0,"México",15070,"La Paz","Valle de México",1,"CDMX"
13,0,"México",15075,"San Martín de las Pirámides","Valle de México",1,"CDMX"
13,0,"México",15081,"Tecámac","Valle de México",1,"CDMX"
13,0,"México",15083,"Temamatla","Valle de México",1,"CDMX"
13,0,"México",15084,"Temascalapa","Valle de México",1,"CDMX"
13,0,"México",15089,"Tenango del Aire","Valle de México",1,"CDMX"
13,0,"México",15091,"Teoloyucan","Valle de México",1,"CDMX"
13,0,"México",15092,"Teotihuacán","Valle de México",1,"CDMX"
13,0,"México",15093,"Tepetlaoxtoc","Valle de México",1,"CDMX"
13,0,"México",15094,"Tepetlixpa","Valle de México",1,"CDMX"
13,0,"México",15095,"Tepotzotlán","Valle de México",1,"CDMX"
13,0,"México",15096,"Tequixquiac","Valle de México",1,"CDMX"
13,0,"México",15099,"Texcoco","Valle de México",1,"CDMX"
13,0,"México",15100,"Tezoyuca","Valle de México",1,"CDMX"
13,0,"México",15103,"Tlalmanalco","Valle de México",1,"CDMX"
13,0,"México",15104,"Tlalnepantla de Baz","Valle de México",1,"CDMX"
13,0,"México",15108,"Tultepec","Valle de México",1,"CDMX"
13,0,"México",15109,"Tultitlán","Valle de México",1,"CDMX"
13,0,"México",15112,"Villa del Carbón","Valle de México",1,"CDMX"
13,0,"México",15120,"Zumpango","Valle de México",1,"CDMX"
13,0,"México",15121,"Cuautitlán Izcalli","Valle de México",1,"CDMX"
13,0,"México",15122,"Valle de Chalco Solidaridad","Valle de México",1,"CDMX"
13,0,"México",15125,"Tonanitla","Valle de México",1,"CDMX"
14,0,"Guanajuato",11020,"León","León",1,"León"
14,0,"Guanajuato",11037,"Silao","León",1,"León"
15,0,"Guanajuato",11025,"Purísima del Rincón","San Francisco del Rincón",1,"San Francisco"
15,0,"Guanajuato",11031,"San Francisco del Rincón","San Francisco del Rincón",1,"San Francisco"
16,0,"Guerrero",12001,"Acapulco de Juárez","Acapulco",1,"Acapulco"
16,0,"Guerrero",12021,"Coyuca de Benítez","Acapulco",1,"Acapulco"
17,0,"Hidalgo",13022,"Epazoyucan","Pachuca",1,"Pachuca"
17,0,"Hidalgo",13039,"Mineral del Monte","Pachuca",1,"Pachuca"
17,0,"Hidalgo",13048,"Pachuca de Soto","Pachuca",1,"Pachuca"
17,0,"Hidalgo",13051,"Mineral de la Reforma","Pachuca",1,"Pachuca"
17,0,"Hidalgo",13052,"San Agustín Tlaxiaca","Pachuca",1,"Pachuca"
17,0,"Hidalgo",13082,"Zapotlán de Juárez","Pachuca",1,"Pachuca"
17,0,"Hidalgo",13083,"Zempoala","Pachuca",1,"Pachuca"
18,0,"Hidalgo",13016,"Cuautepec de Hinojosa","Tulancingo",1,"Tulancingo"
18,0,"Hidalgo",13056,"Santiago Tulantepec de Lugo Guerrero","Tulancingo",1,"Tulancingo"
18,0,"Hidalgo",13077,"Tulancingo de Bravo","Tulancingo",1,"Tulancingo"
19,0,"Hidalgo",13010,"Atitalaquia","Tula",1,"Tula"
19,0,"Hidalgo",13013,"Atotonilco de Tula","Tula",1,"Tula"
19,0,"Hidalgo",13070,"Tlahuelilpan","Tula",1,"Tula"
19,0,"Hidalgo",13074,"Tlaxcoapan","Tula",1,"Tula"
19,0,"Hidalgo",13076,"Tula de Allende","Tula",1,"Tula"
20,0,"Jalisco",14039,"Guadalajara","Guadalajara",1,"Guadalajara"
20,0,"Jalisco",14044,"Ixtlahuacán de los Membrillos","Guadalajara",1,"Guadalajara"
20,0,"Jalisco",14051,"Juanacatlán","Guadalajara",1,"Guadalajara"
20,0,"Jalisco",14070,"El Salto","Guadalajara",1,"Guadalajara"
20,0,"Jalisco",14097,"Tlajomulco de Zúñiga","Guadalajara",1,"Guadalajara"
20,0,"Jalisco",14098,"Tlaquepaque","Guadalajara",1,"Guadalajara"
20,0,"Jalisco",14101,"Tonalá","Guadalajara",1,"Guadalajara"
20,0,"Jalisco",14120,"Zapopan","Guadalajara",1,"Guadalajara"
21,0,"Jalisco",14067,"Puerto Vallarta","Puerto Vallarta",1,"Puerto Vallarta"
21,0,"Nayarit",18020,"Bahía de Banderas","Puerto Vallarta",1,"Puerto Vallarta"
22,0,"Jalisco",14063,"Ocotlán","Ocotlán",1,"Ocotlán"
22,0,"Jalisco",14066,"Poncitlán","Ocotlán",1,"Ocotlán"
23,0,"México",15005,"Almoloya de Juárez","Toluca",1,"Toluca"
23,0,"México",15018,"Calimaya","Toluca",1,"Toluca"
23,0,"México",15027,"Chapultepec","Toluca",1,"Toluca"
23,0,"México",15051,"Lerma","Toluca",1,"Toluca"
23,0,"México",15054,"Metepec","Toluca",1,"Toluca"
23,0,"México",15055,"Mexicaltzingo","Toluca",1,"Toluca"
23,0,"México",15062,"Ocoyoacac","Toluca",1,"Toluca"
23,0,"México",15067,"Otzolotepec","Toluca",1,"Toluca"
23,0,"México",15072,"Rayón","Toluca",1,"Toluca"
23,0,"México",15073,"San Antonio la Isla","Toluca",1,"Toluca"
23,0,"México",15076,"San Mateo Atenco","Toluca",1,"Toluca"
23,0,"México",15087,"Temoaya","Toluca",1,"Toluca"
23,0,"México",15106,"Toluca","Toluca",1,"Toluca"
23,0,"México",15115,"Xonacatlán","Toluca",1,"Toluca"
23,0,"México",15118,"Zinacantepec","Toluca",1,"Toluca"
24,0,"Michoacán",16022,"Charo","Morelia",1,"Morelia"
24,0,"Michoacán",16053,"Morelia","Morelia",1,"Morelia"
24,0,"Michoacán",16088,"Tarímbaro","Morelia",1,"Morelia"
25,0,"Michoacán",16043,"Jacona","Zamora-Jacona",1,"Zamora"
25,0,"Michoacán",16108,"Zamora","Zamora-Jacona",1,"Zamora"
26,0,"Guanajuato",11023,"Pénjamo","La Piedad-Pénjamo",1,"Pénjamo"
26,0,"Michoacán",16069,"La Piedad","La Piedad-Pénjamo",1,"Pénjamo"
27,0,"Morelos",17007,"Cuernavaca","Cuernavaca",1,"Cuernavaca"
27,0,"Morelos",17008,"Emiliano Zapata","Cuernavaca",1,"Cuernavaca"
27,0,"Morelos",17009,"Huitzilac","Cuernavaca",1,"Cuernavaca"
27,0,"Morelos",17011,"Jiutepec","Cuernavaca",1,"Cuernavaca"
27,0,"Morelos",17018,"Temixco","Cuernavaca",1,"Cuernavaca"
27,0,"Morelos",17020,"Tepoztlán","Cuernavaca",1,"Cuernavaca"
27,0,"Morelos",17024,"Tlaltizapán","Cuernavaca",1,"Cuernavaca"
27,0,"Morelos",17028,"Xochitepec","Cuernavaca",1,"Cuernavaca"
28,0,"Morelos",17002,"Atlatlahucan","Cuautla",1,"Cuautla"
28,0,"Morelos",17004,"Ayala","Cuautla",1,"Cuautla"
28,0,"Morelos",17006,"Cuautla","Cuautla",1,"Cuautla"
28,0,"Morelos",17026,"Tlayacapan","Cuautla",1,"Cuautla"
28,0,"Morelos",17029,"Yautepec","Cuautla",1,"Cuautla"
28,0,"Morelos",17030,"Yecapixtla","Cuautla",1,"Cuautla"
29,0,"Nayarit",18008,"Xalisco","Tepic",1,"Tepic"
29,0,"Nayarit",18017,"Tepic","Tepic",1,"Tepic"
30,0,"Nuevo León",19006,"Apodaca","Monterrey",1,"Monterrey"
30,0,"Nuevo León",19009,"Cadereyta Jiménez","Monterrey",1,"Monterrey"
30,0,"Nuevo León",19010,"Carmen","Monterrey",1,"Monterrey"
30,0,"Nuevo León",19018,"García","Monterrey",1,"Monterrey"
30,0,"Nuevo León",19019,"San Pedro Garza García","Monterrey",1,"Monterrey"
30,0,"Nuevo León",19021,"General Escobedo","Monterrey",1,"Monterrey"
30,0,"Nuevo León",19026,"Guadalupe","Monterrey",1,"Monterrey"
30,0,"Nuevo León",19031,"Juárez","Monterrey",1,"Monterrey"
30,0,"Nuevo León",19039,"Monterrey","Monterrey",1,"Monterrey"
30,0,"Nuevo León",19045,"Salinas Victoria","Monterrey",1,"Monterrey"
30,0,"Nuevo León",19046,"San Nicolás de los Garza","Monterrey",1,"Monterrey"
30,0,"Nuevo León",19048,"Santa Catarina","Monterrey",1,"Monterrey"
30,0,"Nuevo León",19049,"Santiago","Monterrey",1,"Monterrey"
31,0,"Oaxaca",20067,"Oaxaca de Juárez","Oaxaca",1,"Oaxaca"
31,0,"Oaxaca",20083,"San Agustín de las Juntas","Oaxaca",1,"Oaxaca"
31,0,"Oaxaca",20087,"San Agustín Yatareni","Oaxaca",1,"Oaxaca"
31,0,"Oaxaca",20091,"San Andrés Huayápam","Oaxaca",1,"Oaxaca"
31,0,"Oaxaca",20107,"San Antonio de la Cal","Oaxaca",1,"Oaxaca"
31,0,"Oaxaca",20115,"San Bartolo Coyotepec","Oaxaca",1,"Oaxaca"
31,0,"Oaxaca",20157,"San Jacinto Amilpas","Oaxaca",1,"Oaxaca"
31,0,"Oaxaca",20174,"Ánimas Trujano","Oaxaca",1,"Oaxaca"
31,0,"Oaxaca",20227,"San Lorenzo Cacaotepec","Oaxaca",1,"Oaxaca"
31,0,"Oaxaca",20293,"San Pablo Etla","Oaxaca",1,"Oaxaca"
31,0,"Oaxaca",20338,"Villa de Etla","Oaxaca",1,"Oaxaca"
31,0,"Oaxaca",20350,"San Sebastián Tutla","Oaxaca",1,"Oaxaca"
31,0,"Oaxaca",20375,"Santa Cruz Amilpas","Oaxaca",1,"Oaxaca"
31,0,"Oaxaca",20385,"Santa Cruz Xoxocotlán","Oaxaca",1,"Oaxaca"
31,0,"Oaxaca",20390,"Santa Lucía del Camino","Oaxaca",1,"Oaxaca"
31,0,"Oaxaca",20399,"Santa María Atzompa","Oaxaca",1,"Oaxaca"
31,0,"Oaxaca",20403,"Santa María Coyotepec","Oaxaca",1,"Oaxaca"
31,0,"Oaxaca",20409,"Santa María del Tule","Oaxaca",1,"Oaxaca"
31,0,"Oaxaca",20519,"Santo Domingo Tomaltepec","Oaxaca",1,"Oaxaca"
31,0,"Oaxaca",20539,"Soledad Etla","Oaxaca",1,"Oaxaca"
31,0,"Oaxaca",20553,"Tlalixtac de Cabrera","Oaxaca",1,"Oaxaca"
31,0,"Oaxaca",20565,"Villa de Zaachila","Oaxaca",1,"Oaxaca"
32,0,"Oaxaca",20079,"Salina Cruz","Tehuantepec-Salina Cruz",1,"Tehuantepec"
32,0,"Oaxaca",20124,"San Blas Atempa","Tehuantepec-Salina Cruz",1,"Tehuantepec"
32,0,"Oaxaca",20515,"Santo Domingo Tehuantepec","Tehuantepec-Salina Cruz",1,"Tehuantepec"
33,0,"Puebla",21001,"Acajete","Puebla-Tlaxcala",1,"Puebla"
33,0,"Puebla",21015,"Amozoc","Puebla-Tlaxcala",1,"Puebla"
33,0,"Puebla",21034,"Coronango","Puebla-Tlaxcala",1,"Puebla"
33,0,"Puebla",21041,"Cuautlancingo","Puebla-Tlaxcala",1,"Puebla"
33,0,"Puebla",21048,"Chiautzingo","Puebla-Tlaxcala",1,"Puebla"
33,0,"Puebla",21060,"Domingo Arenas","Puebla-Tlaxcala",1,"Puebla"
33,0,"Puebla",21074,"Huejotzingo","Puebla-Tlaxcala",1,"Puebla"
33,0,"Puebla",21090,"Juan C. Bonilla","Puebla-Tlaxcala",1,"Puebla"
33,0,"Puebla",21106,"Ocoyucan","Puebla-Tlaxcala",1,"Puebla"
33,0,"Puebla",21114,"Puebla","Puebla-Tlaxcala",1,"Puebla"
33,0,"Puebla",21119,"San Andrés Cholula","Puebla-Tlaxcala",1,"Puebla"
33,0,"Puebla",21122,"San Felipe Teotlalcingo","Puebla-Tlaxcala",1,"Puebla"
33,0,"Puebla",21125,"San Gregorio Atzompa","Puebla-Tlaxcala",1,"Puebla"
33,0,"Puebla",21132,"San Martín Texmelucan","Puebla-Tlaxcala",1,"Puebla"
33,0,"Puebla",21136,"San Miguel Xoxtla","Puebla-Tlaxcala",1,"Puebla"
33,0,"Puebla",21140,"San Pedro Cholula","Puebla-Tlaxcala",1,"Puebla"
33,0,"Puebla",21143,"San Salvador el Verde","Puebla-Tlaxcala",1,"Puebla"
33,0,"Puebla",21163,"Tepatlaxco de Hidalgo","Puebla-Tlaxcala",1,"Puebla"
33,0,"Puebla",21181,"Tlaltenango","Puebla-Tlaxcala",1,"Puebla"
33,0,"Tlaxcala",29015,"Ixtacuixtla de Mariano Matamoros","Puebla-Tlaxcala",1,"Puebla"
33,0,"Tlaxcala",29017,"Mazatecochco de José María Morelos","Puebla-Tlaxcala",1,"Puebla"
33,0,"Tlaxcala",29019,"Tepetitla de Lardizábal","Puebla-Tlaxcala",1,"Puebla"
33,0,"Tlaxcala",29022,"Acuamanala de Miguel Hidalgo","Puebla-Tlaxcala",1,"Puebla"
33,0,"Tlaxcala",29023,"Natívitas","Puebla-Tlaxcala",1,"Puebla"
33,0,"Tlaxcala",29025,"San Pablo del Monte","Puebla-Tlaxcala",1,"Puebla"
33,0,"Tlaxcala",29027,"Tenancingo","Puebla-Tlaxcala",1,"Puebla"
33,0,"Tlaxcala",29028,"Teolocholco","Puebla-Tlaxcala",1,"Puebla"
33,0,"Tlaxcala",29029,"Tepeyanco","Puebla-Tlaxcala",1,"Puebla"
33,0,"Tlaxcala",29032,"Tetlatlahuca","Puebla-Tlaxcala",1,"Puebla"
33,0,"Tlaxcala",29041,"Papalotla de Xicohténcatl","Puebla-Tlaxcala",1,"Puebla"
33,0,"Tlaxcala",29042,"Xicohtzinco","Puebla-Tlaxcala",1,"Puebla"
33,0,"Tlaxcala",29044,"Zacatelco","Puebla-Tlaxcala",1,"Puebla"
33,0,"Tlaxcala",29051,"San Jerónimo Zacualpan","Puebla-Tlaxcala",1,"Puebla"
33,0,"Tlaxcala",29053,"San Juan Huactzinco","Puebla-Tlaxcala",1,"Puebla"
33,0,"Tlaxcala",29054,"San Lorenzo Axocomanitla","Puebla-Tlaxcala",1,"Puebla"
33,0,"Tlaxcala",29056,"Santa Ana Nopalucan","Puebla-Tlaxcala",1,"Puebla"
33,0,"Tlaxcala",29057,"Santa Apolonia Teacalco","Puebla-Tlaxcala",1,"Puebla"
33,0,"Tlaxcala",29058,"Santa Catarina Ayometla","Puebla-Tlaxcala",1,"Puebla"
33,0,"Tlaxcala",29059,"Santa Cruz Quilehtla","Puebla-Tlaxcala",1,"Puebla"
34,0,"Puebla",21149,"Santiago Miahuatlán","Tehuacán",1,"Tehuacán"
34,0,"Puebla",21156,"Tehuacán","Tehuacán",1,"Tehuacán"
35,0,"Querétaro",22006,"Corregidora","Querétaro",1,"Querétaro"
35,0,"Querétaro",22008,"Huimilpan","Querétaro",1,"Querétaro"
35,0,"Querétaro",22011,"El Marqués","Querétaro",1,"Querétaro"
35,0,"Querétaro",22014,"Querétaro","Querétaro",1,"Querétaro"
36,0,"Quintana Roo",23003,"Isla Mujeres","Cancún",1,"Cancún"
36,0,"Quintana Roo",23005,"Benito Juárez","Cancún",1,"Cancún"
37,0,"San Luis Potosí",24028,"San Luis Potosí","San Luis Potosí-Soledad",1,"San Luis"
37,0,"San Luis Potosí",24035,"Soledad de Graciano Sánchez","San Luis Potosí-Soledad",1,"San Luis"
38,0,"San Luis Potosí",24011,"Ciudad Fernández","Rioverde-Ciudad Fernández",1,"Cd. Fernández"
38,0,"San Luis Potosí",24024,"Rioverde","Rioverde-Ciudad Fernández",1,"Cd. Fernández"
39,0,"Sonora",26025,"Empalme","Guaymas",1,"Guaymas"
39,0,"Sonora",26029,"Guaymas","Guaymas",1,"Guaymas"
40,0,"Tabasco",27004,"Centro","Villahermosa",1,"Villahermosa"
40,0,"Tabasco",27013,"Nacajuca","Villahermosa",1,"Villahermosa"
41,0,"Tamaulipas",28003,"Altamira","Tampico-Pánuco",1,"Tampico"
41,0,"Tamaulipas",28009,"Ciudad Madero","Tampico-Pánuco",1,"Tampico"
41,0,"Tamaulipas",28038,"Tampico","Tampico-Pánuco",1,"Tampico"
41,0,"Veracruz",30123,"Pánuco","Tampico-Pánuco",1,"Tampico"
41,0,"Veracruz",30133,"Pueblo Viejo","Tampico-Pánuco",1,"Tampico"
42,0,"Tamaulipas",28032,"Reynosa","Reynosa-Río Bravo",1,"Reynosa"
42,0,"Tamaulipas",28033,"Río Bravo","Reynosa-Río Bravo",1,"Reynosa"
43,0,"Tamaulipas",28022,"Matamoros","Matamoros",1,"Matamoros"
44,0,"Tamaulipas",28027,"Nuevo Laredo","Nuevo Laredo",1,"Nuevo Laredo"
45,0,"Tlaxcala",29001,"Amaxac de Guerrero","Tlaxcala-Apizaco",1,"Tlaxcala"
45,0,"Tlaxcala",29002,"Apetatitlán de Antonio Carvajal","Tlaxcala-Apizaco",1,"Tlaxcala"
45,0,"Tlaxcala",29005,"Apizaco","Tlaxcala-Apizaco",1,"Tlaxcala"
45,0,"Tlaxcala",29009,"Cuaxomulco","Tlaxcala-Apizaco",1,"Tlaxcala"
45,0,"Tlaxcala",29010,"Chiautempan","Tlaxcala-Apizaco",1,"Tlaxcala"
45,0,"Tlaxcala",29018,"Contla de Juan Cuamatzi","Tlaxcala-Apizaco",1,"Tlaxcala"
45,0,"Tlaxcala",29024,"Panotla","Tlaxcala-Apizaco",1,"Tlaxcala"
45,0,"Tlaxcala",29026,"Santa Cruz Tlaxcala","Tlaxcala-Apizaco",1,"Tlaxcala"
45,0,"Tlaxcala",29031,"Tetla de la Solidaridad","Tlaxcala-Apizaco",1,"Tlaxcala"
45,0,"Tlaxcala",29033,"Tlaxcala","Tlaxcala-Apizaco",1,"Tlaxcala"
45,0,"Tlaxcala",29035,"Tocatlán","Tlaxcala-Apizaco",1,"Tlaxcala"
45,0,"Tlaxcala",29036,"Totolac","Tlaxcala-Apizaco",1,"Tlaxcala"
45,0,"Tlaxcala",29038,"Tzompantepec","Tlaxcala-Apizaco",1,"Tlaxcala"
45,0,"Tlaxcala",29039,"Xaloztoc","Tlaxcala-Apizaco",1,"Tlaxcala"
45,0,"Tlaxcala",29043,"Yauhquemehcan","Tlaxcala-Apizaco",1,"Tlaxcala"
45,0,"Tlaxcala",29048,"La Magdalena Tlaltelulco","Tlaxcala-Apizaco",1,"Tlaxcala"
45,0,"Tlaxcala",29049,"San Damián Texoloc","Tlaxcala-Apizaco",1,"Tlaxcala"
45,0,"Tlaxcala",29050,"San Francisco Tetlanohcan","Tlaxcala-Apizaco",1,"Tlaxcala"
45,0,"Tlaxcala",29060,"Santa Isabel Xiloxoxtla","Tlaxcala-Apizaco",1,"Tlaxcala"
46,0,"Veracruz",30011,"Alvarado","Veracruz",1,"Veracruz"
46,0,"Veracruz",30028,"Boca del Río","Veracruz",1,"Veracruz"
46,0,"Veracruz",30090,"Jamapa","Veracruz",1,"Veracruz"
46,0,"Veracruz",30105,"Medellín","Veracruz",1,"Veracruz"
46,0,"Veracruz",30193,"Veracruz","Veracruz",1,"Veracruz"
47,0,"Veracruz",30026,"Banderilla","Xalapa",1,"Xalapa"
47,0,"Veracruz",30038,"Coatepec","Xalapa",1,"Xalapa"
47,0,"Veracruz",30065,"Emiliano Zapata","Xalapa",1,"Xalapa"
47,0,"Veracruz",30087,"Xalapa","Xalapa",1,"Xalapa"
47,0,"Veracruz",30093,"Jilotepec","Xalapa",1,"Xalapa"
47,0,"Veracruz",30136,"Rafael Lucio","Xalapa",1,"Xalapa"
47,0,"Veracruz",30182,"Tlalnelhuayocan","Xalapa",1,"Xalapa"
48,0,"Veracruz",30033,"Cazones Herrera","Poza Rica",1,"Poza Rica"
48,0,"Veracruz",30040,"Coatzintla","Poza Rica",1,"Poza Rica"
48,0,"Veracruz",30124,"Papantla","Poza Rica",1,"Poza Rica"
48,0,"Veracruz",30131,"Poza Rica de Hidalgo","Poza Rica",1,"Poza Rica"
48,0,"Veracruz",30175,"Tihuatlán","Poza Rica",1,"Poza Rica"
49,0,"Veracruz",30022,"Atzacan","Orizaba",1,"Orizaba"
49,0,"Veracruz",30030,"Camerino Z. Mendoza","Orizaba",1,"Orizaba"
49,0,"Veracruz",30074,"Huiloapan de Cuauhtémoc","Orizaba",1,"Orizaba"
49,0,"Veracruz",30081,"Ixhuatlancillo","Orizaba",1,"Orizaba"
49,0,"Veracruz",30085,"Ixtaczoquitlán","Orizaba",1,"Orizaba"
49,0,"Veracruz",30099,"Maltrata","Orizaba",1,"Orizaba"
49,0,"Veracruz",30101,"Mariano Escobedo","Orizaba",1,"Orizaba"
49,0,"Veracruz",30115,"Nogales","Orizaba",1,"Orizaba"
49,0,"Veracruz",30118,"Orizaba","Orizaba",1,"Orizaba"
49,0,"Veracruz",30135,"Rafael Delgado","Orizaba",1,"Orizaba"
49,0,"Veracruz",30138,"Río Blanco","Orizaba",1,"Orizaba"
49,0,"Veracruz",30185,"Tlilapan","Orizaba",1,"Orizaba"
50,0,"Veracruz",30048,"Cosoleacaque","Minatitlán",1,"Minatitlán"
50,0,"Veracruz",30059,"Chinameca","Minatitlán",1,"Minatitlán"
50,0,"Veracruz",30089,"Jáltipan","Minatitlán",1,"Minatitlán"
50,0,"Veracruz",30108,"Minatitlán","Minatitlán",1,"Minatitlán"
50,0,"Veracruz",30120,"Oteapan","Minatitlán",1,"Minatitlán"
50,0,"Veracruz",30199,"Zaragoza","Minatitlán",1,"Minatitlán"
51,0,"Veracruz",30039,"Coatzacoalcos","Coatzacoalcos",1,"Coatzacoalcos"
51,0,"Veracruz",30082,"Ixhuatlán del Sureste","Coatzacoalcos",1,"Coatzacoalcos"
51,0,"Veracruz",30206,"Nanchital de Lázaro Cárdenas del Río","Coatzacoalcos",1,"Coatzacoalcos"
52,0,"Veracruz",30014,"Amatlán de los Reyes","Córdoba",1,"Córdoba"
52,0,"Veracruz",30044,"Córdoba","Córdoba",1,"Córdoba"
52,0,"Veracruz",30068,"Fortín","Córdoba",1,"Córdoba"
52,0,"Veracruz",30196,"Yanga","Córdoba",1,"Córdoba"
53,0,"Yucatán",31013,"Conkal","Mérida",1,"Mérida"
53,0,"Yucatán",31041,"Kanasín","Mérida",1,"Mérida"
53,0,"Yucatán",31050,"Mérida","Mérida",1,"Mérida"
53,0,"Yucatán",31100,"Ucú","Mérida",1,"Mérida"
53,0,"Yucatán",31101,"Umán","Mérida",1,"Mérida"
54,0,"Zacatecas",32017,"Guadalupe","Zacatecas-Guadalupe",1,"Zacatecas"
54,0,"Zacatecas",32032,"Morelos","Zacatecas-Guadalupe",1,"Zacatecas"
54,0,"Zacatecas",32056,"Zacatecas","Zacatecas-Guadalupe",1,"Zacatecas"
55,0,"Baja California",2001,"Ensenada","Ensenada",1,"Ensenada"
56,0,"Baja California Sur",3003,"La Paz","La Paz",1,"La Paz"
57,0,"Baja California Sur",3008,"Los Cabos","Los Cabos",1,"Los Cabos"
58,0,"Campeche",4002,"Campeche","Campeche",1,"Campeche"
59,0,"Campeche",4003,"Carmen","Ciudad del Carmen",1,"Cd. del Carmen"
60,0,"Colima",6007,"Manzanillo","Manzanillo",1,"Manzanillo"
61,0,"Chiapas",7089,"Tapachula","Tapachula",1,"Tapachula"
62,0,"Durango",10005,"Durango","Durango",1,"Durango"
63,0,"Guanajuato",11007,"Celaya","Celaya",1,"Celaya"
63,0,"Guanajuato",11009,"Comonfort","Celaya",1,"Celaya"
63,0,"Guanajuato",11044,"Villagrán","Celaya",1,"Celaya"
64,0,"Guanajuato",11015,"Guanajuato","Guanajuato",1,"Guanajuato"
65,0,"Guanajuato",11017,"Irapuato","Irapuato",1,"Irapuato"
66,0,"Guanajuato",11027,"Salamanca","Salamanca",1,"Salamanca"
67,0,"Michoacán",16102,"Uruapan","Uruapan",1,"Uruapan"
68,0,"Querétaro",22016,"San Juan del Río","San Juan del Río",1,"San Juan del Río"
69,0,"Sinaloa",25001,"Ahome","Los Mochis",1,"Los Mochis"
70,0,"Sinaloa",25006,"Culiacán","Culiacán",1,"Culiacán"
71,0,"Sinaloa",25012,"Mazatlán","Mazatlán",1,"Mazatlán"
72,0,"Sonora",26018,"Cajeme","Ciudad Obregón",1,"Cd. Obregón"
73,0,"Sonora",26030,"Hermosillo","Hermosillo",1,"Hermosillo"
74,0,"Tabasco",27002,"Cárdenas","Cárdenas",1,"Cárdenas"
75,0,"Tamaulipas",28041,"Victoria","Ciudad Victoria",1,"Cd. Victoria"
76,0,"Quintana Roo",23004,"Othón P. Blanco","Chetumal",1,"Chetumal"
77,0,"Guerrero",12029,"Chilpancingo de los Bravo","Chilpancingo",1,"Chilpancingo"
78,0,"Guanajuato",11021,"Moroleón","Moroleón-Uriangato",1,"Moroleón"
78,0,"Guanajuato",11041,"Uriangato","Moroleón-Uriangato",1,"Moroleón"
